GeonameID,ResolvedName,ArticleText,FeatClass,FeatCode,x,y,admin1Code,admin2Code,CountryCode
5332921,California,California,A,ADM1,-119.75126,37.25022,CA,,US
5332921,California,California,A,ADM1,-119.75126,37.25022,CA,,US
5332921,California,California,A,ADM1,-119.75126,37.25022,CA,,US
5392427,San Mateo County,San Mateo County,A,ADM2,-122.35566,37.43621,CA,081,US
5339268,Contra Costa County,Contra Costa County,A,ADM2,-121.95121,37.92342,CA,013,US
5322745,Alameda County,Alameda County,A,ADM2,-121.91789,37.65055,CA,001,US
5393021,Santa Clara County,Santa Clara County,A,ADM2,-121.69627,37.23249,CA,085,US
5359659,Southern California Logistics Airport,Southern California,S,AIRH,-117.37444,34.58696,CA,071,US
5332921,California,California,A,ADM1,-119.75126,37.25022,CA,,US
1694008,Philippines,Philippines,A,PCLI,122.0,13.0,00,,PH
1269750,India,India,A,PCLI,79.0,22.0,00,,IN
1562822,Vietnam,Vietnam,A,PCLI,107.83333,16.16667,00,,VN
1694008,Philippines,Philippines,A,PCLI,122.0,13.0,00,,PH
1694008,Philippines,Philippines,A,PCLI,122.0,13.0,00,,PH
