GeonameID,ResolvedName,ArticleText,FeatClass,FeatCode,x,y,admin1Code,admin2Code,CountryCode
5368346,Los Altos Hills,Los Altos Hills,P,PPL,-122.13746,37.37966,CA,085,US
5368335,Los Altos,Los Altos,P,PPL,-122.11413,37.38522,CA,085,US
5368335,Los Altos,Los Altos,P,PPL,-122.11413,37.38522,CA,085,US
5368335,Los Altos,Los Altos,P,PPL,-122.11413,37.38522,CA,085,US
5391959,San Francisco,San Francisco,P,PPLA2,-122.41942,37.77493,CA,075,US
5368335,Los Altos,Los Altos,P,PPL,-122.11413,37.38522,CA,085,US
4255466,Carmel,Carmel,P,PPL,-86.11804,39.97837,IN,057,US
5368335,Los Altos,Los Altos,P,PPL,-122.11413,37.38522,CA,085,US
5368335,Los Altos,Los Altos,P,PPL,-122.11413,37.38522,CA,085,US
5368335,Los Altos,Los Altos,P,PPL,-122.11413,37.38522,CA,085,US
5368335,Los Altos,Los Altos,P,PPL,-122.11413,37.38522,CA,085,US
