GeonameID,ResolvedName,ArticleText,FeatClass,FeatCode,x,y,admin1Code,admin2Code,CountryCode
4173376,South Bay,South Bay,P,PPL,-80.71617,26.66396,FL,099,US
5378538,Oakland,Oakland,P,PPLA2,-122.2708,37.80437,CA,001,US
5378538,Oakland,Oakland,P,PPLA2,-122.2708,37.80437,CA,001,US
5360062,Jack London Square,Jack London Square,L,PRK,-122.2758,37.79409,CA,001,US
3525413,La Mar,La Mar,P,PPL,-97.67056,21.52639,30,150,MX
4971068,Maine,Maine,A,ADM1,-69.24977,45.50032,ME,,US
5378538,Oakland,Oakland,P,PPLA2,-122.2708,37.80437,CA,001,US
5391959,San Francisco,San Francisco,P,PPLA2,-122.41942,37.77493,CA,075,US
5368361,Los Angeles,Los Angeles,P,PPLA2,-118.24368,34.05223,CA,037,US
4173376,South Bay,South Bay,P,PPL,-80.71617,26.66396,FL,099,US
1694608,Santa Clara,Santa Clara,A,ADM2,121.0,14.55,NCR,E9,PH
6502874,Hotel Valencia Santana Row,Santana Row,S,HTL,-121.9471,37.3232,CA,085,US
5392171,San Jose,San Jose,P,PPLA2,-121.89496,37.33939,CA,085,US
5378538,Oakland,Oakland,P,PPLA2,-122.2708,37.80437,CA,001,US
5392967,Santa Barbara,Santa Barbara,A,ADM2,-120.03078,34.53834,CA,083,US
5393212,Santa Monica,Santa Monica,P,PPL,-118.49119,34.01945,CA,037,US
5746545,Portland,Portland,P,PPLA2,-122.67621,45.52345,OR,051,US
5378538,Oakland,Oakland,P,PPLA2,-122.2708,37.80437,CA,001,US
5378538,Oakland,Oakland,P,PPLA2,-122.2708,37.80437,CA,001,US
5392171,San Jose,San Jose,P,PPLA2,-121.89496,37.33939,CA,085,US
5392171,San Jose,San Jose,P,PPLA2,-121.89496,37.33939,CA,085,US
5378538,Oakland,Oakland,P,PPLA2,-122.2708,37.80437,CA,001,US
