GeonameID,ResolvedName,ArticleText,FeatClass,FeatCode,x,y,admin1Code,admin2Code,CountryCode
5339268,Contra Costa County,Contra Costa County,A,ADM2,-121.95121,37.92342,CA,013,US
5339268,Contra Costa County,Contra Costa County,A,ADM2,-121.95121,37.92342,CA,013,US
5383777,Pleasanton,Pleasanton,P,PPL,-121.87468,37.66243,CA,001,US
5383777,Pleasanton,Pleasanton,P,PPL,-121.87468,37.66243,CA,001,US
2964573,Dublin,Dublin,A,ADMD,-6.27113,53.38046,L,07,IE
5392606,San Ramon Valley,San Ramon Valley,T,VAL,-121.90968,37.69604,CA,001,US
5339268,Contra Costa County,Contra Costa County,A,ADM2,-121.95121,37.92342,CA,013,US
