GeonameID,ResolvedName,ArticleText,FeatClass,FeatCode,x,y,admin1Code,admin2Code,CountryCode
5392593, San Ramon, San Ramon, P, PPL,-121.97802,37.77993, CA,13, US
5392593, San Ramon, San Ramon, P, PPL,-121.97802,37.77993, CA,13, US
5392263, San Leandro, San Leandro, P, PPL,-122.15608,37.72493, CA,1, US
5392593, San Ramon, San Ramon, P, PPL,-121.97802,37.77993, CA,13, US
5402424, Thrasher Park, Thrasher Park, L, PRK,-122.16441,37.72187, CA,1, US
5392263, San Leandro, San Leandro, P, PPL,-122.15608,37.72493, CA,1, US
