GeonameID,ResolvedName,ArticleText,FeatClass,FeatCode,x,y,admin1Code,admin2Code,CountryCode
5380748,Palo Alto,Palo Alto,P,PPL,-122.14302,37.44188,CA,85,US
5386864,Redwood City,Redwood City,P,PPLA2,-122.23635,37.48522,CA,81,US
5386864,Redwood City,Redwood City,P,PPLA2,-122.23635,37.48522,CA,81,US
5380748,Palo Alto,Palo Alto,P,PPL,-122.14302,37.44188,CA,85,US
5393021,Santa Clara County,Santa Clara County,A,ADM2,-121.69627,37.23249,CA,85,US
5380748,Palo Alto,Palo Alto,P,PPL,-122.14302,37.44188,CA,85,US
6940309,Silicon Valley,Silicon Valley,L,AREA,-122.04,37.37,CA,85,US
