GeonameID,ResolvedName,ArticleText,FeatClass,FeatCode,x,y,admin1Code,admin2Code,CountryCode
5392171,San Jose,San Jose,P,PPLA2,-121.89496,37.33939,CA,85,US
5392171,San Jose,San Jose,P,PPLA2,-121.89496,37.33939,CA,85,US
5392171,San Jose,San Jose,P,PPLA2,-121.89496,37.33939,CA,85,US
5392171,San Jose,San Jose,P,PPLA2,-121.89496,37.33939,CA,85,US
5392171,San Jose,San Jose,P,PPLA2,-121.89496,37.33939,CA,85,US
5392171,San Jose,East San Jose,P,PPLA2,-121.89496,37.33939,CA,85,US
5378538,Oakland,Oakland,P,PPLA2,-122.2708,37.80437,CA,1,US
5393021,Santa Clara County,Santa Clara County,A,ADM2,-121.69627,37.23249,CA,85,US
5392171,San Jose,San Jose,P,PPLA2,-121.89496,37.33939,CA,85,US
