GeonameID,ResolvedName,ArticleText,FeatClass,FeatCode,x,y,admin1Code,admin2Code,CountryCode
5332921,California,California,A,ADM1,-119.75126,37.25022,CA,,US
5332921,California,California,A,ADM1,-119.75126,37.25022,CA,,US
5332921,California,California,A,ADM1,-119.75126,37.25022,CA,,US
5392427,San Mateo County,San Mateo County,A,ADM2,-122.35566,37.43621,CA,81,US
5339268,Contra Costa County,Contra Costa County,A,ADM2,-121.95121,37.92342,CA,13,US
5322745,Alameda County,Alameda County,A,ADM2,-121.91789,37.65055,CA,1,US
5393021,Santa Clara County,Santa Clara County,A,ADM2,-121.69627,37.23249,CA,85,US
5332921,California,Southern California,A,ADM1,-119.75126,37.25022,CA,,US
5332921,California,California,A,ADM1,-119.75126,37.25022,CA,,US
1694008,Philippines,Philippines,A,PCLI,122,13,0,,PH
1269750,India,India,A,PCLI,79,22,0,,IN
1562822,Vietnam,Vietnam,A,PCLI,107.83333,16.16667,0,,VN
5374376,Monterey County,Monterey County,A,ADM2,-121.3089,36.23977,CA,53,US
1694008,Philippines,Philippines,A,PCLI,122,13,0,,PH
1694008,Philippines,Philippines,A,PCLI,122,13,0,,PH
