GeonameID,ResolvedName,ArticleText,FeatClass,FeatCode,x,y,admin1Code,admin2Code,CountryCode
53276684,Berkeley,Berkeley,P,PPL,-122.27275,37.87159,CA,1,US
53276684,Berkeley,Berkeley,P,PPL,-122.27275,37.87159,CA,1,US
53276684,Berkeley,Berkeley,P,PPL,-122.27275,37.87159,CA,1,US
5339268,Contra Costa County,Contra Costa,A,ADM2,-121.95121,37.92342,CA,13,US
5339268,Contra Costa County,Contra Costa County,A,ADM2,-121.95121,37.92342,CA,13,US
5339268,Contra Costa County,Contra Costa,A,ADM2,-121.95121,37.92342,CA,13,US
5339268,Contra Costa County,Contra Costa,A,ADM2,-121.95121,37.92342,CA,13,US
53276684,Berkeley,Berkeley,P,PPL,-122.27275,37.87159,CA,1,US
1694008,Philippines,Philippines,A,PCLI,122,13,0,,PH
53276684,Berkeley,Berkeley,P,PPL,-122.27275,37.87159,CA,1,US
5345623,El Cerrito,El Cerrito,P,PPL,-122.31164,37.91576,CA,13,US
5332921,California,California,A,ADM1,-119.75126,37.25022,CA,,US
