GeonameID,ResolvedName,ArticleText,FeatClass,FeatCode,x,y,admin1Code,admin2Code,CountryCode
5370464,Marin City,Marin,P,PPL,-122.50914,37.86854,CA,41,US
5332921,California,California,A,ADM1,-119.75126,37.25022,CA,,US
5370464,Marin City,Marin,P,PPL,-122.50914,37.86854,CA,41,US
5332921,California,California,A,ADM1,-119.75126,37.25022,CA,,US
5332921,California,California,A,ADM1,-119.75126,37.25022,CA,,US
5370464,Marin City,Marin,P,PPL,-122.50914,37.86854,CA,41,US
5376509,Nevada County,Nevada County,A,ADM2,-120.76875,39.30137,CA,57,US
5370468,Marin County,Marin County,A,ADM2,-122.74886,38.05518,CA,41,US
5370468,Marin County,Marin County,A,ADM2,-122.74886,38.05518,CA,41,US
5370464,Marin City,Marin,P,PPL,-122.50914,37.86854,CA,41,US
5370464,Marin City,Marin,P,PPL,-122.50914,37.86854,CA,41,US
5370464,Marin City,Marin,P,PPL,-122.50914,37.86854,CA,41,US
5332921,California,California,A,ADM1,-119.75126,37.25022,CA,,US
5332921,California,California,A,ADM1,-119.75126,37.25022,CA,,US
5370464,Marin City,Marin,P,PPL,-122.50914,37.86854,CA,41,US
5332921,California,California,A,ADM1,-119.75126,37.25022,CA,,US
5354013,Greenbrae,Greenbrae,P,PPL,-122.54247,37.94854,CA,41,US
5378044,Novato,Novato,P,PPL,-122.5697,38.10742,CA,41,US
