GeonameID,ResolvedName,ArticleText,FeatClass,FeatCode,x,y,admin1Code,admin2Code,CountryCode
5368346,Los Altos Hills,Los Altos Hills,P,PPL,-122.13746,37.37966,CA,85,US
5368335,Los Altos,Los Altos,P,PPL,-122.11413,37.38522,CA,85,US
5368335,Los Altos,Los Altos,P,PPL,-122.11413,37.38522,CA,85,US
5368335,Los Altos,Los Altos,P,PPL,-122.11413,37.38522,CA,85,US
5391959,San Francisco,San Francisco,P,PPLA2,-122.41942,37.77493,CA,75,US
5368335,Los Altos,Los Altos,P,PPL,-122.11413,37.38522,CA,85,US
5334320,Carmel,Carmel,P,PPL,-121.92329,36.55524,CA,53,US
5368335,Los Altos,Los Altos,P,PPL,-122.11413,37.38522,CA,85,US
5368335,Los Altos,Los Altos,P,PPL,-122.11413,37.38522,CA,85,US
5368335,Los Altos,Los Altos,P,PPL,-122.11413,37.38522,CA,85,US
5368335,Los Altos,Los Altos,P,PPL,-122.11413,37.38522,CA,85,US
