GeonameID,ResolvedName,ArticleText,FeatClass,FeatCode,x,y,admin1Code,admin2Code,CountryCode
5378538,Oakland,Oakland,P,PPLA2,-122.2708,37.80437,CA,1,US
5397258,South Bay,South Bay,H,BAY,-122.49275,37.7941,CA,75,US
5378538,Oakland,Oakland,P,PPLA2,-122.2708,37.80437,CA,1,US
5378538,Oakland,Oakland,P,PPLA2,-122.2708,37.80437,CA,1,US
5360062,Jack London Square,Jack London Square,L,PRK,-122.2758,37.79409,CA,1,US
3525413,La Mar,La Mar,P,PPL,-97.67056,21.52639,30,150,MX
4971068,Maine,Maine,A,ADM1,-69.24977,45.50032,ME,,US
53276684,Berkeley,Berkeley,P,PPL,-122.27275,37.87159,CA,1,US
5378538,Oakland,Oakland,P,PPLA2,-122.2708,37.80437,CA,1,US
5391959,San Francisco,San Francisco,P,PPLA2,-122.41942,37.77493,CA,75,US
5368361,Los Angeles,Los Angeles,P,PPLA2,-118.24368,34.05223,CA,37,US
5397258,South Bay,South Bay,H,BAY,-122.49275,37.7941,CA,75,US
5393015,Santa Clara,Santa Clara,P,PPL,-121.95524,37.35411,CA,85,US
7122377,Santana Row Shopping Center,Santana Row,S,MALL,-121.94889,37.32222,CA,85,US
5392171,San Jose,San Jose,P,PPLA2,-121.89496,37.33939,CA,85,US
5378538,Oakland,Oakland,P,PPLA2,-122.2708,37.80437,CA,1,US
5392967,Santa Barbara,Santa Barbara,A,ADM2,-120.03078,34.53834,CA,83,US
5393212,Santa Monica,Santa Monica,P,PPL,-118.49119,34.01945,CA,37,US
5746545,Portland,Portland,P,PPLA2,-122.67621,45.52345,OR,51,US
5378538,Oakland,Oakland,P,PPLA2,-122.2708,37.80437,CA,1,US
5378538,Oakland,Oakland,P,PPLA2,-122.2708,37.80437,CA,1,US
5392171,San Jose,San Jose,P,PPLA2,-121.89496,37.33939,CA,85,US
5392171,San Jose,San Jose,P,PPLA2,-121.89496,37.33939,CA,85,US
5400075,Sunnyvale,Sunnyvale,P,PPL,-122.03635,37.36883,CA,85,US
5378538,Oakland,Oakland,P,PPLA2,-122.2708,37.80437,CA,1,US
5322737,Alameda,Alameda,P,PPL,-122.24164,37.76521,CA,1,US
