GeonameID,ResolvedName,ArticleText,FeatClass,FeatCode,x,y,admin1Code,admin2Code,CountryCode
5383777,Pleasanton,Pleasanton,P,PPL,-121.87468,37.66243,CA,1,US
5383777,Pleasanton,Pleasanton,P,PPL,-121.87468,37.66243,CA,1,US
5383777,Pleasanton,Pleasanton,P,PPL,-121.87468,37.66243,CA,1,US
5339111,Concord,Concord,P,PPL,-122.03107,37.97798,CA,13,US
5339268,Contra Costa County,Contra Costa County,A,ADM2,-121.95121,37.92342,CA,13,US
5383777,Pleasanton,Pleasanton,P,PPL,-121.87468,37.66243,CA,1,US
5383777,Pleasanton,Pleasanton,P,PPL,-121.87468,37.66243,CA,1,US
5339268,Contra Costa County,Contra Costa County,A,ADM2,-121.95121,37.92342,CA,13,US
5383777,Pleasanton,Pleasanton,P,PPL,-121.87468,37.66243,CA,1,US
5383777,Pleasanton,Pleasanton,P,PPL,-121.87468,37.66243,CA,1,US
5383777,Pleasanton,Pleasanton,P,PPL,-121.87468,37.66243,CA,1,US
5344157,Dublin,Dublin,P,PPL,-121.9357,37.70215,CA,1,US
5392606,San Ramon Valley,San Ramon Valley,T,VAL,-121.90968,37.69604,CA,1,US
5339268,Contra Costa County,Contra Costa County,A,ADM2,-121.95121,37.92342,CA,13,US
